<?xml version="1.0" encoding="windows-1252" ?>
<adfc-config xmlns="http://xmlns.oracle.com/adf/controller" version="1.2">
  <task-flow-definition id="testactivityBTF">
    <default-activity>view1</default-activity>
    <data-control-scope>
      <shared/>
    </data-control-scope>
    <managed-bean id="__5">
      <managed-bean-name>CallingBean</managed-bean-name>
      <managed-bean-class>MethodCall</managed-bean-class>
      <managed-bean-scope>pageFlow</managed-bean-scope>
    </managed-bean>
    <view id="view1">
      <page>/view1.jsff</page>
    </view>
    <view id="view2">
      <page>/view2.jsff</page>
    </view>
    <method-call id="methodCall1">
      <method>#{pageFlowScope.CallingBean.onLoadMethod}</method>
      <outcome>
        <fixed-outcome>*toView2</fixed-outcome>
      </outcome>
    </method-call>
    <control-flow-rule id="__1">
      <from-activity-id>view1</from-activity-id>
      <control-flow-case id="__2">
        <from-outcome>*toMethod1</from-outcome>
        <to-activity-id>methodCall1</to-activity-id>
      </control-flow-case>
    </control-flow-rule>
    <control-flow-rule id="__3">
      <from-activity-id>methodCall1</from-activity-id>
      <control-flow-case id="__4">
        <from-outcome>*toView2</from-outcome>
        <to-activity-id>view2</to-activity-id>
      </control-flow-case>
    </control-flow-rule>
    <use-page-fragments/>
  </task-flow-definition>
</adfc-config>
